customer_key,customer_id,customer_name
1,CUST-00001,Daniel Brown
2,CUST-00002,James White
3,CUST-00003,William Davis
4,CUST-00004,Jennifer Jones
5,CUST-00005,Margaret Brown
6,CUST-00006,Lisa White
7,CUST-00007,George Moore
8,CUST-00008,David Jackson
9,CUST-00009,Susan Johnson
10,CUST-00010,James Williams
11,CUST-00011,Robert Davis
12,CUST-00012,Thomas Martin
13,CUST-00013,James Moore
14,CUST-00014,Robert Thompson
15,CUST-00015,Daniel Thompson
16,CUST-00016,Karen Wilson
17,CUST-00017,Jennifer Anderson
18,CUST-00018,Christopher Rodriguez
19,CUST-00019,Betty Ramirez
20,CUST-00020,James Harris
21,CUST-00021,Betty Garcia
22,CUST-00022,Paul Wilson
23,CUST-00023,Richard Rodriguez
24,CUST-00024,Michael Miller
25,CUST-00025,Mark Hernandez
26,CUST-00026,Sarah Williams
27,CUST-00027,Charles Brown
28,CUST-00028,Barbara Ramirez
29,CUST-00029,Barbara Martin
30,CUST-00030,William Sanchez
31,CUST-00031,Maria White
32,CUST-00032,Joseph Moore
33,CUST-00033,Sarah Robinson
34,CUST-00034,Charles Williams
35,CUST-00035,Karen Martinez
36,CUST-00036,Donald Lee
37,CUST-00037,Nancy Lewis
38,CUST-00038,Sandra Lopez
39,CUST-00039,Christopher Miller
40,CUST-00040,Paul Williams
41,CUST-00041,Maria Perez
42,CUST-00042,Jennifer Harris
43,CUST-00043,Linda Williams
44,CUST-00044,Sandra Davis
45,CUST-00045,Sandra Brown
46,CUST-00046,Charles Rodriguez
47,CUST-00047,Joseph Lee
48,CUST-00048,Donald Lopez
49,CUST-00049,Emily Lopez
50,CUST-00050,Barbara Miller
51,CUST-00051,Lisa Rodriguez
52,CUST-00052,Paul Robinson
53,CUST-00053,Lisa Lee
54,CUST-00054,David Martin
55,CUST-00055,Daniel Garcia
56,CUST-00056,Karen White
57,CUST-00057,Jennifer Garcia
58,CUST-00058,Joseph Gonzalez
59,CUST-00059,William Robinson
60,CUST-00060,Daniel Thompson
61,CUST-00061,Karen Davis
62,CUST-00062,Lisa Hernandez
63,CUST-00063,Donald Harris
64,CUST-00064,Mark Johnson
65,CUST-00065,Jennifer Clark
66,CUST-00066,Maria Sanchez
67,CUST-00067,Richard Gonzalez
68,CUST-00068,William Williams
69,CUST-00069,Robert Robinson
70,CUST-00070,Christopher Lewis
71,CUST-00071,Paul Hernandez
72,CUST-00072,Robert Lee
73,CUST-00073,Jessica Gonzalez
74,CUST-00074,George Robinson
75,CUST-00075,Daniel Anderson
76,CUST-00076,Michael Rodriguez
77,CUST-00077,Michael Davis
78,CUST-00078,Margaret Moore
79,CUST-00079,Karen Rodriguez
80,CUST-00080,Margaret Jackson
81,CUST-00081,Susan Lewis
82,CUST-00082,Christopher Gonzalez
83,CUST-00083,Barbara Davis
84,CUST-00084,Michael Taylor
85,CUST-00085,Jessica Williams
86,CUST-00086,Mark Johnson
87,CUST-00087,Sandra Brown
88,CUST-00088,Michael Lee
89,CUST-00089,Emily Sanchez
90,CUST-00090,Lisa Wilson
91,CUST-00091,Nancy Williams
92,CUST-00092,Charles Gonzalez
93,CUST-00093,Nancy Anderson
94,CUST-00094,Thomas Rodriguez
95,CUST-00095,Karen Ramirez
96,CUST-00096,James Perez
97,CUST-00097,Margaret Brown
98,CUST-00098,Lisa Lewis
99,CUST-00099,Karen Harris
100,CUST-00100,William Harris
101,CUST-00101,Daniel Hernandez
102,CUST-00102,Sarah Martinez
103,CUST-00103,Susan Garcia
104,CUST-00104,Joseph Smith
105,CUST-00105,Margaret Lewis
106,CUST-00106,Margaret Rodriguez
107,CUST-00107,Thomas Harris
108,CUST-00108,Emily Taylor
109,CUST-00109,Ashley Brown
110,CUST-00110,Sandra Lee
111,CUST-00111,Linda Clark
112,CUST-00112,Daniel Taylor
113,CUST-00113,Nancy Miller
114,CUST-00114,Michael Lopez
115,CUST-00115,Mark Garcia
116,CUST-00116,Karen Harris
117,CUST-00117,Ashley Taylor
118,CUST-00118,Ashley Smith
119,CUST-00119,Nancy Hernandez
120,CUST-00120,Jessica Smith
121,CUST-00121,Sarah Robinson
122,CUST-00122,Barbara Lewis
123,CUST-00123,Donald Sanchez
124,CUST-00124,Linda Davis
125,CUST-00125,Maria Davis
126,CUST-00126,George Jackson
127,CUST-00127,David Williams
128,CUST-00128,Margaret Thomas
129,CUST-00129,Donald Williams
130,CUST-00130,Mark Moore
131,CUST-00131,Mark Jones
132,CUST-00132,Michael Perez
133,CUST-00133,Jessica Moore
134,CUST-00134,Emily Rodriguez
135,CUST-00135,Thomas Ramirez
136,CUST-00136,Nancy Wilson
137,CUST-00137,Robert Robinson
138,CUST-00138,Karen Harris
139,CUST-00139,Margaret Thompson
140,CUST-00140,Robert Thompson
141,CUST-00141,Linda Gonzalez
142,CUST-00142,Lisa Lee
143,CUST-00143,Barbara Anderson
144,CUST-00144,George Taylor
145,CUST-00145,Joseph Brown
146,CUST-00146,Jennifer Davis
147,CUST-00147,David Hernandez
148,CUST-00148,James Jackson
149,CUST-00149,Karen Davis
150,CUST-00150,Christopher Davis
151,CUST-00151,James Williams
152,CUST-00152,Paul Lee
153,CUST-00153,Maria Davis
154,CUST-00154,David Lewis
155,CUST-00155,Maria Ramirez
156,CUST-00156,Richard Williams
157,CUST-00157,Thomas Davis
158,CUST-00158,William Perez
159,CUST-00159,Jessica Miller
160,CUST-00160,Karen Jones
161,CUST-00161,Margaret Robinson
162,CUST-00162,George Jackson
163,CUST-00163,Christopher Thomas
164,CUST-00164,Jennifer Sanchez
165,CUST-00165,Jessica Sanchez
166,CUST-00166,Susan Miller
167,CUST-00167,Sarah Brown
168,CUST-00168,Lisa Wilson
169,CUST-00169,Barbara Wilson
170,CUST-00170,Susan Anderson
171,CUST-00171,Sandra White
172,CUST-00172,Maria Perez
173,CUST-00173,Daniel Lee
174,CUST-00174,Sarah Johnson
175,CUST-00175,Charles White
176,CUST-00176,Richard Sanchez
177,CUST-00177,Sandra Brown
178,CUST-00178,Jennifer Miller
179,CUST-00179,Robert Moore
180,CUST-00180,Joseph Jones
181,CUST-00181,Susan Garcia
182,CUST-00182,William Anderson
183,CUST-00183,Jennifer Ramirez
184,CUST-00184,Ashley Williams
185,CUST-00185,Joseph Sanchez
186,CUST-00186,Sandra Ramirez
187,CUST-00187,Karen Brown
188,CUST-00188,Maria Lee
189,CUST-00189,Karen Clark
190,CUST-00190,James Williams
191,CUST-00191,Ashley Harris
192,CUST-00192,Sandra Davis
193,CUST-00193,Emily Wilson
194,CUST-00194,Jessica Thomas
195,CUST-00195,Robert Ramirez
196,CUST-00196,Charles Lewis
197,CUST-00197,Maria Garcia
198,CUST-00198,Charles Smith
199,CUST-00199,Charles Rodriguez
200,CUST-00200,Ashley Sanchez
201,CUST-00201,Betty Anderson
202,CUST-00202,Linda Wilson
203,CUST-00203,Paul White
204,CUST-00204,Betty Moore
205,CUST-00205,Lisa Thompson
206,CUST-00206,Jessica Jones
207,CUST-00207,Robert Martinez
208,CUST-00208,Robert Johnson
209,CUST-00209,Christopher White
210,CUST-00210,Karen Johnson
211,CUST-00211,Margaret Hernandez
212,CUST-00212,Maria Johnson
213,CUST-00213,Christopher Thomas
214,CUST-00214,Thomas Robinson
215,CUST-00215,Sandra Taylor
216,CUST-00216,Emily Johnson
217,CUST-00217,Thomas Williams
218,CUST-00218,Sandra Garcia
219,CUST-00219,David Martin
220,CUST-00220,David Perez
221,CUST-00221,Sandra Davis
222,CUST-00222,Charles Brown
223,CUST-00223,George Jackson
224,CUST-00224,Jennifer Jackson
225,CUST-00225,Nancy Johnson
226,CUST-00226,Nancy Williams
227,CUST-00227,Susan Perez
228,CUST-00228,Christopher Jackson
229,CUST-00229,Thomas Hernandez
230,CUST-00230,Ashley Rodriguez
231,CUST-00231,Robert Perez
232,CUST-00232,Paul Hernandez
233,CUST-00233,Jennifer Rodriguez
234,CUST-00234,Charles Jones
235,CUST-00235,Lisa Lee
236,CUST-00236,Linda Anderson
237,CUST-00237,Richard Robinson
238,CUST-00238,Mark Robinson
239,CUST-00239,David Smith
240,CUST-00240,Joseph Martin
241,CUST-00241,Christopher Brown
242,CUST-00242,David Moore
243,CUST-00243,Robert Taylor
244,CUST-00244,William Jones
245,CUST-00245,Ashley Lopez
246,CUST-00246,George Williams
247,CUST-00247,George Davis
248,CUST-00248,Barbara Martinez
249,CUST-00249,Emily Anderson
250,CUST-00250,Donald Moore
251,CUST-00251,Paul Martinez
252,CUST-00252,Nancy Sanchez
253,CUST-00253,Daniel Taylor
254,CUST-00254,James Perez
255,CUST-00255,Donald Moore
256,CUST-00256,Linda Robinson
257,CUST-00257,Lisa Brown
258,CUST-00258,George Jones
259,CUST-00259,William Brown
260,CUST-00260,George Brown
261,CUST-00261,Margaret Moore
262,CUST-00262,Michael Rodriguez
263,CUST-00263,Linda Martin
264,CUST-00264,Robert Thompson
265,CUST-00265,Richard Miller
266,CUST-00266,Lisa Lee
267,CUST-00267,Sandra Rodriguez
268,CUST-00268,Thomas Thomas
269,CUST-00269,William Lewis
270,CUST-00270,Ashley Ramirez
271,CUST-00271,Maria Williams
272,CUST-00272,Daniel Wilson
273,CUST-00273,Donald Rodriguez
274,CUST-00274,Maria Smith
275,CUST-00275,Richard Harris
276,CUST-00276,Michael Lee
277,CUST-00277,William Garcia
278,CUST-00278,Margaret Anderson
279,CUST-00279,Karen Thompson
280,CUST-00280,Susan Moore
281,CUST-00281,James Brown
282,CUST-00282,David Lewis
283,CUST-00283,Paul Lewis
284,CUST-00284,Michael Moore
285,CUST-00285,Maria Clark
286,CUST-00286,Barbara Jackson
287,CUST-00287,Karen Jones
288,CUST-00288,Susan Jones
289,CUST-00289,Maria Martinez
290,CUST-00290,Barbara Lewis
291,CUST-00291,Ashley Sanchez
292,CUST-00292,Sandra Johnson
293,CUST-00293,George Lopez
294,CUST-00294,Robert Perez
295,CUST-00295,Jennifer Perez
296,CUST-00296,Sarah Lopez
297,CUST-00297,Mark Moore
298,CUST-00298,George Ramirez
299,CUST-00299,Susan Martin
300,CUST-00300,Margaret Jones
301,CUST-00301,Ashley Robinson
302,CUST-00302,Jennifer Ramirez
303,CUST-00303,Emily Sanchez
304,CUST-00304,Betty Garcia
305,CUST-00305,George Wilson
306,CUST-00306,James Garcia
307,CUST-00307,Margaret Robinson
308,CUST-00308,Richard Sanchez
309,CUST-00309,Ashley Wilson
310,CUST-00310,Betty Perez
311,CUST-00311,Sandra White
312,CUST-00312,Betty Davis
313,CUST-00313,William Garcia
314,CUST-00314,Betty Thompson
315,CUST-00315,Sarah Gonzalez
316,CUST-00316,Sandra Johnson
317,CUST-00317,Sandra Thomas
318,CUST-00318,Jennifer Miller
319,CUST-00319,Donald Robinson
320,CUST-00320,Joseph Lopez
321,CUST-00321,Linda Clark
322,CUST-00322,Betty Ramirez
323,CUST-00323,Jennifer Davis
324,CUST-00324,James Perez
325,CUST-00325,Robert Gonzalez
326,CUST-00326,Richard Rodriguez
327,CUST-00327,Sandra Williams
328,CUST-00328,Mark Rodriguez
329,CUST-00329,Barbara Lee
330,CUST-00330,Thomas Gonzalez
331,CUST-00331,Lisa Clark
332,CUST-00332,Karen Hernandez
333,CUST-00333,James Brown
334,CUST-00334,George Rodriguez
335,CUST-00335,Emily Jackson
336,CUST-00336,William Johnson
337,CUST-00337,Sarah Martin
338,CUST-00338,Susan Lopez
339,CUST-00339,Margaret Sanchez
340,CUST-00340,Richard Wilson
341,CUST-00341,Nancy Taylor
342,CUST-00342,Sarah Gonzalez
343,CUST-00343,George Jackson
344,CUST-00344,Robert Rodriguez
345,CUST-00345,Maria Thompson
346,CUST-00346,Susan Smith
347,CUST-00347,Thomas Robinson
348,CUST-00348,Betty Moore
349,CUST-00349,Lisa White
350,CUST-00350,Margaret White
351,CUST-00351,Lisa Miller
352,CUST-00352,Barbara Wilson
353,CUST-00353,David Perez
354,CUST-00354,Ashley Hernandez
355,CUST-00355,Nancy Hernandez
356,CUST-00356,Lisa Ramirez
357,CUST-00357,Sarah White
358,CUST-00358,George Martinez
359,CUST-00359,Thomas Martinez
360,CUST-00360,Lisa Wilson
361,CUST-00361,Richard Gonzalez
362,CUST-00362,Paul Martinez
363,CUST-00363,Karen Jones
364,CUST-00364,Robert Wilson
365,CUST-00365,Lisa Gonzalez
366,CUST-00366,Lisa White
367,CUST-00367,George Garcia
368,CUST-00368,Nancy Jackson
369,CUST-00369,Linda Gonzalez
370,CUST-00370,Karen Clark
371,CUST-00371,James Martinez
372,CUST-00372,Linda Miller
373,CUST-00373,Susan Sanchez
374,CUST-00374,Christopher Martin
375,CUST-00375,Daniel Hernandez
376,CUST-00376,Joseph Anderson
377,CUST-00377,Joseph Perez
378,CUST-00378,Robert Taylor
379,CUST-00379,Jessica Sanchez
380,CUST-00380,George Sanchez
381,CUST-00381,Margaret Garcia
382,CUST-00382,Lisa Williams
383,CUST-00383,Linda Taylor
384,CUST-00384,Lisa Lee
385,CUST-00385,Nancy Hernandez
386,CUST-00386,David Clark
387,CUST-00387,Mark Davis
388,CUST-00388,Lisa Martinez
389,CUST-00389,Jennifer Sanchez
390,CUST-00390,Robert Jones
391,CUST-00391,James Johnson
392,CUST-00392,Jennifer Thomas
393,CUST-00393,Nancy Ramirez
394,CUST-00394,Mark Williams
395,CUST-00395,Joseph Wilson
396,CUST-00396,George Lee
397,CUST-00397,Christopher Miller
398,CUST-00398,Paul Thompson
399,CUST-00399,Charles Thomas
400,CUST-00400,Charles Davis
401,CUST-00401,Michael Lee
402,CUST-00402,Paul Smith
403,CUST-00403,George Harris
404,CUST-00404,Sandra Harris
405,CUST-00405,George Brown
406,CUST-00406,Mark Wilson
407,CUST-00407,Jennifer Garcia
408,CUST-00408,Betty Thompson
409,CUST-00409,Thomas Anderson
410,CUST-00410,Maria Moore
411,CUST-00411,Jennifer Robinson
412,CUST-00412,Sandra Brown
413,CUST-00413,Joseph Jones
414,CUST-00414,Betty Anderson
415,CUST-00415,Lisa Taylor
416,CUST-00416,Karen Martin
417,CUST-00417,Richard Harris
418,CUST-00418,George Anderson
419,CUST-00419,Nancy Clark
420,CUST-00420,Margaret Lewis
421,CUST-00421,Thomas Wilson
422,CUST-00422,Donald Robinson
423,CUST-00423,Karen Anderson
424,CUST-00424,George Garcia
425,CUST-00425,Margaret Ramirez
426,CUST-00426,Jessica Anderson
427,CUST-00427,William Harris
428,CUST-00428,Jennifer Clark
429,CUST-00429,Daniel Rodriguez
430,CUST-00430,Mark Harris
431,CUST-00431,Thomas Thomas
432,CUST-00432,Daniel Davis
433,CUST-00433,William Anderson
434,CUST-00434,David Thompson
435,CUST-00435,Linda Davis
436,CUST-00436,William Hernandez
437,CUST-00437,Richard Lewis
438,CUST-00438,Karen Williams
439,CUST-00439,Michael Jones
440,CUST-00440,Jennifer Gonzalez
441,CUST-00441,Paul Jones
442,CUST-00442,Paul Miller
443,CUST-00443,David Wilson
444,CUST-00444,Susan Hernandez
445,CUST-00445,Karen Anderson
446,CUST-00446,Susan Johnson
447,CUST-00447,Robert Clark
448,CUST-00448,Susan Gonzalez
449,CUST-00449,George Harris
450,CUST-00450,Christopher Thompson
451,CUST-00451,James Ramirez
452,CUST-00452,George Harris
453,CUST-00453,Christopher Gonzalez
454,CUST-00454,Jessica Smith
455,CUST-00455,Barbara Martinez
456,CUST-00456,Mark Gonzalez
457,CUST-00457,Sandra Lewis
458,CUST-00458,Donald Wilson
459,CUST-00459,Karen White
460,CUST-00460,Margaret Moore
461,CUST-00461,Betty Martin
462,CUST-00462,George Davis
463,CUST-00463,Jessica Davis
464,CUST-00464,William Wilson
465,CUST-00465,Jessica Smith
466,CUST-00466,Charles Hernandez
467,CUST-00467,Lisa Perez
468,CUST-00468,Betty Gonzalez
469,CUST-00469,Margaret Garcia
470,CUST-00470,Donald Anderson
471,CUST-00471,Ashley Jones
472,CUST-00472,Nancy Moore
473,CUST-00473,James Robinson
474,CUST-00474,Charles Jackson
475,CUST-00475,Christopher Perez
476,CUST-00476,James Williams
477,CUST-00477,Daniel Wilson
478,CUST-00478,Michael Ramirez
479,CUST-00479,Joseph Garcia
480,CUST-00480,Maria Rodriguez
481,CUST-00481,Charles Hernandez
482,CUST-00482,Robert Anderson
483,CUST-00483,Richard Hernandez
484,CUST-00484,Mark Lewis
485,CUST-00485,Charles Rodriguez
486,CUST-00486,Mark Clark
487,CUST-00487,Susan Rodriguez
488,CUST-00488,Donald Williams
489,CUST-00489,Jessica Smith
490,CUST-00490,Margaret Moore
491,CUST-00491,Maria Lopez
492,CUST-00492,Jennifer Lee
493,CUST-00493,David Harris
494,CUST-00494,Daniel Johnson
495,CUST-00495,Mark Smith
496,CUST-00496,Jennifer Miller
497,CUST-00497,Donald Smith
498,CUST-00498,Nancy Jones
499,CUST-00499,Jennifer Jones
500,CUST-00500,Jessica Perez
501,CUST-00501,Sarah Jackson
502,CUST-00502,Robert Anderson
503,CUST-00503,Paul Rodriguez
504,CUST-00504,Mark Lopez
505,CUST-00505,Emily Martin
506,CUST-00506,Nancy White
507,CUST-00507,Paul Brown
508,CUST-00508,Mark Clark
509,CUST-00509,Emily Martinez
510,CUST-00510,Sarah Jackson
511,CUST-00511,James Robinson
512,CUST-00512,Linda Jackson
513,CUST-00513,Lisa Robinson
514,CUST-00514,Charles Gonzalez
515,CUST-00515,Paul Miller
516,CUST-00516,David Jackson
517,CUST-00517,Paul Clark
518,CUST-00518,Daniel Davis
519,CUST-00519,Sarah Thompson
520,CUST-00520,Mark Martinez
521,CUST-00521,Sandra Perez
522,CUST-00522,Nancy Sanchez
523,CUST-00523,Sarah Sanchez
524,CUST-00524,Christopher Sanchez
525,CUST-00525,Maria Lopez
526,CUST-00526,Karen Wilson
527,CUST-00527,Lisa Lopez
528,CUST-00528,David Taylor
529,CUST-00529,Daniel Hernandez
530,CUST-00530,James Ramirez
531,CUST-00531,Susan Clark
532,CUST-00532,Jessica Brown
533,CUST-00533,Susan Lopez
534,CUST-00534,Daniel Lewis
535,CUST-00535,Donald Anderson
536,CUST-00536,Paul Jones
537,CUST-00537,Susan Garcia
538,CUST-00538,Margaret Taylor
539,CUST-00539,Daniel Rodriguez
540,CUST-00540,Nancy Sanchez
541,CUST-00541,Ashley Moore
542,CUST-00542,Mark Thomas
543,CUST-00543,Joseph Wilson
544,CUST-00544,Donald White
545,CUST-00545,Christopher Rodriguez
546,CUST-00546,Richard Ramirez
547,CUST-00547,Jennifer Clark
548,CUST-00548,Ashley Williams
549,CUST-00549,William Lewis
550,CUST-00550,Joseph Davis
551,CUST-00551,Mark Anderson
552,CUST-00552,Christopher Martin
553,CUST-00553,Lisa Gonzalez
554,CUST-00554,Richard Smith
555,CUST-00555,Jessica Ramirez
556,CUST-00556,Richard Garcia
557,CUST-00557,Jessica Miller
558,CUST-00558,Barbara Sanchez
559,CUST-00559,William Hernandez
560,CUST-00560,William Lewis
561,CUST-00561,Nancy Thompson
562,CUST-00562,George Rodriguez
563,CUST-00563,Karen Smith
564,CUST-00564,Thomas Miller
565,CUST-00565,David Davis
566,CUST-00566,Margaret Wilson
567,CUST-00567,Jessica Moore
568,CUST-00568,Mark Davis
569,CUST-00569,Paul Thomas
570,CUST-00570,Daniel Thompson
571,CUST-00571,Jessica Anderson
572,CUST-00572,Betty Smith
573,CUST-00573,David Martinez
574,CUST-00574,Jennifer Gonzalez
575,CUST-00575,Paul Davis
576,CUST-00576,Linda Perez
577,CUST-00577,Christopher Lopez
578,CUST-00578,Jessica Moore
579,CUST-00579,Thomas Lopez
580,CUST-00580,Susan White
581,CUST-00581,Karen Hernandez
582,CUST-00582,Barbara Thompson
583,CUST-00583,Joseph Rodriguez
584,CUST-00584,Linda Rodriguez
585,CUST-00585,Jennifer Brown
586,CUST-00586,Margaret Miller
587,CUST-00587,Richard Brown
588,CUST-00588,Margaret Moore
589,CUST-00589,Mark Thompson
590,CUST-00590,Emily Miller
591,CUST-00591,Robert White
592,CUST-00592,Jessica Rodriguez
593,CUST-00593,Margaret Jackson
594,CUST-00594,Mark Taylor
595,CUST-00595,Nancy Martinez
596,CUST-00596,Sarah Clark
597,CUST-00597,Robert Martinez
598,CUST-00598,Jennifer Lopez
599,CUST-00599,Emily Martinez
600,CUST-00600,James Thompson
601,CUST-00601,Karen Jones
602,CUST-00602,William Johnson
603,CUST-00603,Maria Moore
604,CUST-00604,Linda Thompson
605,CUST-00605,Michael Lee
606,CUST-00606,Sandra Harris
607,CUST-00607,Jessica Brown
608,CUST-00608,Sandra Smith
609,CUST-00609,Christopher Martinez
610,CUST-00610,Jessica Thomas
611,CUST-00611,Joseph Hernandez
612,CUST-00612,Emily Johnson
613,CUST-00613,William Ramirez
614,CUST-00614,Jessica Brown
615,CUST-00615,Donald Williams
616,CUST-00616,Charles Thomas
617,CUST-00617,David Jackson
618,CUST-00618,Daniel Perez
619,CUST-00619,Maria Jones
620,CUST-00620,Michael Sanchez
621,CUST-00621,Christopher Martinez
622,CUST-00622,David Davis
623,CUST-00623,Sarah Moore
624,CUST-00624,Mark Wilson
625,CUST-00625,Nancy Martin
626,CUST-00626,Betty Martin
627,CUST-00627,Jennifer Harris
628,CUST-00628,Thomas Gonzalez
629,CUST-00629,Joseph Robinson
630,CUST-00630,Joseph Martinez
631,CUST-00631,Sandra Jackson
632,CUST-00632,Susan Martinez
633,CUST-00633,Christopher Martin
634,CUST-00634,Maria Martin
635,CUST-00635,Margaret Brown
636,CUST-00636,Mark Miller
637,CUST-00637,Daniel Miller
638,CUST-00638,William Perez
639,CUST-00639,David Garcia
640,CUST-00640,Jennifer Garcia
641,CUST-00641,Karen Williams
642,CUST-00642,Emily Smith
643,CUST-00643,Susan Anderson
644,CUST-00644,Paul Martin
645,CUST-00645,Jessica Martinez
646,CUST-00646,Maria Davis
647,CUST-00647,Linda Thompson
648,CUST-00648,Linda Thompson
649,CUST-00649,Sandra Anderson
650,CUST-00650,David Perez
651,CUST-00651,Jennifer Robinson
652,CUST-00652,William Sanchez
653,CUST-00653,Betty Lee
654,CUST-00654,Christopher Perez
655,CUST-00655,Betty Robinson
656,CUST-00656,Robert Wilson
657,CUST-00657,Sarah Moore
658,CUST-00658,Jennifer Lee
659,CUST-00659,Michael Robinson
660,CUST-00660,William Clark
661,CUST-00661,Michael Williams
662,CUST-00662,Maria Garcia
663,CUST-00663,Betty Martinez
664,CUST-00664,Nancy White
665,CUST-00665,Donald Jackson
666,CUST-00666,Ashley Martinez
667,CUST-00667,Joseph Brown
668,CUST-00668,Joseph Thompson
669,CUST-00669,Linda Thompson
670,CUST-00670,Charles Rodriguez
671,CUST-00671,Thomas Moore
672,CUST-00672,Jessica Anderson
673,CUST-00673,David Martin
674,CUST-00674,Maria Lewis
675,CUST-00675,Susan White
676,CUST-00676,Richard Martin
677,CUST-00677,William Smith
678,CUST-00678,David Davis
679,CUST-00679,Lisa Clark
680,CUST-00680,Sandra Jackson
681,CUST-00681,Christopher Smith
682,CUST-00682,Mark Perez
683,CUST-00683,Donald Rodriguez
684,CUST-00684,Christopher Johnson
685,CUST-00685,Mark Harris
686,CUST-00686,Emily Thomas
687,CUST-00687,Thomas Lee
688,CUST-00688,Joseph Robinson
689,CUST-00689,William Garcia
690,CUST-00690,Christopher Wilson
691,CUST-00691,Daniel Clark
692,CUST-00692,Jessica Williams
693,CUST-00693,Jessica Lopez
694,CUST-00694,Susan Hernandez
695,CUST-00695,Richard Perez
696,CUST-00696,Sarah Ramirez
697,CUST-00697,Emily Hernandez
698,CUST-00698,Susan Thompson
699,CUST-00699,Jessica Martinez
700,CUST-00700,Lisa Gonzalez
701,CUST-00701,Donald Harris
702,CUST-00702,Karen Johnson
703,CUST-00703,Joseph Williams
704,CUST-00704,Richard Rodriguez
705,CUST-00705,Richard Brown
706,CUST-00706,Mark Gonzalez
707,CUST-00707,Sandra Taylor
708,CUST-00708,Donald Smith
709,CUST-00709,Lisa Ramirez
710,CUST-00710,Karen Anderson
711,CUST-00711,Susan Johnson
712,CUST-00712,Robert Taylor
713,CUST-00713,Barbara Martin
714,CUST-00714,Mark Thomas
715,CUST-00715,Daniel Anderson
716,CUST-00716,Mark Johnson
717,CUST-00717,Robert Rodriguez
718,CUST-00718,Karen Jones
719,CUST-00719,Ashley Martinez
720,CUST-00720,Joseph Lewis
721,CUST-00721,Paul Thomas
722,CUST-00722,Sarah Smith
723,CUST-00723,Daniel Martin
724,CUST-00724,Betty Davis
725,CUST-00725,Paul Garcia
726,CUST-00726,Linda Moore
727,CUST-00727,James Moore
728,CUST-00728,Susan Williams
729,CUST-00729,Jennifer Clark
730,CUST-00730,Ashley Brown
731,CUST-00731,Joseph Brown
732,CUST-00732,Daniel Clark
733,CUST-00733,Michael Thomas
734,CUST-00734,Ashley Thompson
735,CUST-00735,Linda Taylor
736,CUST-00736,Paul Rodriguez
737,CUST-00737,Susan Clark
738,CUST-00738,Jessica Thomas
739,CUST-00739,Jennifer Anderson
740,CUST-00740,Karen Jones
741,CUST-00741,Charles Miller
742,CUST-00742,Ashley Martin
743,CUST-00743,Thomas White
744,CUST-00744,George Jones
745,CUST-00745,Sandra Williams
746,CUST-00746,William Harris
747,CUST-00747,Betty Ramirez
748,CUST-00748,Susan Hernandez
749,CUST-00749,Ashley Sanchez
750,CUST-00750,Thomas Rodriguez
751,CUST-00751,Donald Smith
752,CUST-00752,Linda White
753,CUST-00753,Linda Clark
754,CUST-00754,Christopher Jackson
755,CUST-00755,Lisa Thomas
756,CUST-00756,Sandra Jones
757,CUST-00757,Joseph Moore
758,CUST-00758,Jessica Lopez
759,CUST-00759,Richard Moore
760,CUST-00760,Mark Moore
761,CUST-00761,Charles Anderson
762,CUST-00762,Ashley Hernandez
763,CUST-00763,Sandra Miller
764,CUST-00764,Paul Davis
765,CUST-00765,Christopher Gonzalez
766,CUST-00766,Jennifer Ramirez
767,CUST-00767,Mark Wilson
768,CUST-00768,Maria Hernandez
769,CUST-00769,Margaret Thomas
770,CUST-00770,Paul Robinson
771,CUST-00771,Betty Gonzalez
772,CUST-00772,Charles Perez
773,CUST-00773,Betty Clark
774,CUST-00774,Daniel Jones
775,CUST-00775,Jessica Johnson
776,CUST-00776,Michael Taylor
777,CUST-00777,Christopher Hernandez
778,CUST-00778,Sandra Brown
779,CUST-00779,Sandra Ramirez
780,CUST-00780,Joseph Brown
781,CUST-00781,Thomas Robinson
782,CUST-00782,Joseph Smith
783,CUST-00783,Margaret Jones
784,CUST-00784,Susan Ramirez
785,CUST-00785,Daniel Jones
786,CUST-00786,David Thomas
787,CUST-00787,Betty Rodriguez
788,CUST-00788,Richard Martin
789,CUST-00789,Paul Gonzalez
790,CUST-00790,Daniel Williams
791,CUST-00791,Sandra Hernandez
792,CUST-00792,Sandra Perez
793,CUST-00793,Sandra Moore
794,CUST-00794,Charles Hernandez
795,CUST-00795,Daniel Thompson
796,CUST-00796,George Harris
797,CUST-00797,Jessica Ramirez
798,CUST-00798,Karen Johnson
799,CUST-00799,Nancy Williams
800,CUST-00800,Jennifer Lee
801,CUST-00801,Lisa Robinson
802,CUST-00802,Linda Davis
803,CUST-00803,Margaret Williams
804,CUST-00804,Susan Brown
805,CUST-00805,Mark Lee
806,CUST-00806,Paul Ramirez
807,CUST-00807,Sarah Anderson
808,CUST-00808,Emily Thompson
809,CUST-00809,Linda Lewis
810,CUST-00810,James Johnson
811,CUST-00811,Richard Sanchez
812,CUST-00812,Maria Martinez
813,CUST-00813,Barbara Lopez
814,CUST-00814,Susan Jones
815,CUST-00815,Jennifer Taylor
816,CUST-00816,Susan Jackson
817,CUST-00817,Lisa Sanchez
818,CUST-00818,Emily Garcia
819,CUST-00819,Emily Williams
820,CUST-00820,Nancy Ramirez
821,CUST-00821,Charles Martin
822,CUST-00822,Lisa Davis
823,CUST-00823,Jessica Robinson
824,CUST-00824,Christopher Jones
825,CUST-00825,Jennifer Anderson
826,CUST-00826,Daniel Rodriguez
827,CUST-00827,Joseph Rodriguez
828,CUST-00828,Lisa Smith
829,CUST-00829,George Sanchez
830,CUST-00830,Joseph Lewis
831,CUST-00831,Linda Perez
832,CUST-00832,Karen Garcia
833,CUST-00833,David Anderson
834,CUST-00834,Barbara Jackson
835,CUST-00835,Linda Lee
836,CUST-00836,Susan Thompson
837,CUST-00837,William Anderson
838,CUST-00838,Sandra Martinez
839,CUST-00839,Robert Gonzalez
840,CUST-00840,Sandra Thomas
841,CUST-00841,Sarah Davis
842,CUST-00842,Charles Jackson
843,CUST-00843,Barbara Jackson
844,CUST-00844,Linda Thompson
845,CUST-00845,Linda Smith
846,CUST-00846,Donald Perez
847,CUST-00847,Charles Rodriguez
848,CUST-00848,James Jackson
849,CUST-00849,Sandra Perez
850,CUST-00850,Mark White
851,CUST-00851,Maria Robinson
852,CUST-00852,Nancy White
853,CUST-00853,Jessica Clark
854,CUST-00854,George Lewis
855,CUST-00855,Linda Harris
856,CUST-00856,Betty Davis
857,CUST-00857,Nancy Sanchez
858,CUST-00858,Barbara Davis
859,CUST-00859,Daniel Miller
860,CUST-00860,Nancy Rodriguez
861,CUST-00861,Lisa Harris
862,CUST-00862,Margaret Harris
863,CUST-00863,Lisa Perez
864,CUST-00864,Donald Jones
865,CUST-00865,Daniel Brown
866,CUST-00866,George Lee
867,CUST-00867,Daniel Johnson
868,CUST-00868,Linda Sanchez
869,CUST-00869,Joseph Johnson
870,CUST-00870,Christopher Lopez
871,CUST-00871,Margaret Jones
872,CUST-00872,David Robinson
873,CUST-00873,Linda Hernandez
874,CUST-00874,Margaret Wilson
875,CUST-00875,Emily Miller
876,CUST-00876,Michael Sanchez
877,CUST-00877,Karen Lewis
878,CUST-00878,Barbara Taylor
879,CUST-00879,Thomas Robinson
880,CUST-00880,William Clark
881,CUST-00881,Emily Rodriguez
882,CUST-00882,Ashley Clark
883,CUST-00883,Jessica Sanchez
884,CUST-00884,Linda White
885,CUST-00885,Sandra Hernandez
886,CUST-00886,Betty Brown
887,CUST-00887,Joseph Williams
888,CUST-00888,Michael Harris
889,CUST-00889,Jennifer Ramirez
890,CUST-00890,Lisa White
891,CUST-00891,Lisa Gonzalez
892,CUST-00892,Sandra Sanchez
893,CUST-00893,Karen Lopez
894,CUST-00894,David Sanchez
895,CUST-00895,Charles Smith
896,CUST-00896,William Moore
897,CUST-00897,Sarah Anderson
898,CUST-00898,Barbara Perez
899,CUST-00899,Margaret Perez
900,CUST-00900,William Jackson
901,CUST-00901,Charles Clark
902,CUST-00902,Daniel Lopez
903,CUST-00903,Sarah Perez
904,CUST-00904,Jennifer Thomas
905,CUST-00905,James Martin
906,CUST-00906,George Moore
907,CUST-00907,Richard Robinson
908,CUST-00908,Nancy Davis
909,CUST-00909,Daniel Williams
910,CUST-00910,Daniel Clark
911,CUST-00911,Joseph Robinson
912,CUST-00912,Paul Martinez
913,CUST-00913,Daniel Wilson
914,CUST-00914,Sarah Jones
915,CUST-00915,Maria Johnson
916,CUST-00916,Linda Thomas
917,CUST-00917,Sarah Brown
918,CUST-00918,Jennifer Lewis
919,CUST-00919,Karen Jones
920,CUST-00920,Charles Anderson
921,CUST-00921,Barbara Perez
922,CUST-00922,Margaret Thompson
923,CUST-00923,Karen Wilson
924,CUST-00924,Christopher White
925,CUST-00925,Margaret Jones
926,CUST-00926,George Wilson
927,CUST-00927,Daniel Brown
928,CUST-00928,Donald Thomas
929,CUST-00929,Nancy Wilson
930,CUST-00930,William Johnson
931,CUST-00931,Paul Lopez
932,CUST-00932,Robert Anderson
933,CUST-00933,Joseph Davis
934,CUST-00934,Sandra Lopez
935,CUST-00935,Sarah Perez
936,CUST-00936,Barbara Moore
937,CUST-00937,George Lee
938,CUST-00938,Barbara Johnson
939,CUST-00939,Charles Rodriguez
940,CUST-00940,Robert Brown
941,CUST-00941,Sandra Clark
942,CUST-00942,Joseph Williams
943,CUST-00943,Lisa Miller
944,CUST-00944,Daniel Lee
945,CUST-00945,Nancy Smith
946,CUST-00946,Maria Sanchez
947,CUST-00947,Richard Davis
948,CUST-00948,Michael Sanchez
949,CUST-00949,Christopher Miller
950,CUST-00950,David Clark
951,CUST-00951,Mark Moore
952,CUST-00952,Robert Jackson
953,CUST-00953,Robert Clark
954,CUST-00954,Sandra Davis
955,CUST-00955,Richard Harris
956,CUST-00956,Michael Sanchez
957,CUST-00957,George Martin
958,CUST-00958,James Rodriguez
959,CUST-00959,Sandra Jones
960,CUST-00960,Michael Moore
961,CUST-00961,William Sanchez
962,CUST-00962,Emily Brown
963,CUST-00963,Lisa Ramirez
964,CUST-00964,James Jones
965,CUST-00965,James Lopez
966,CUST-00966,Betty Sanchez
967,CUST-00967,Jennifer Jackson
968,CUST-00968,Richard Smith
969,CUST-00969,Emily Rodriguez
970,CUST-00970,Maria Jones
971,CUST-00971,Margaret Wilson
972,CUST-00972,Thomas Brown
973,CUST-00973,Margaret Williams
974,CUST-00974,Jessica Anderson
975,CUST-00975,Mark Lopez
976,CUST-00976,Thomas Jackson
977,CUST-00977,Sarah Anderson
978,CUST-00978,Thomas Davis
979,CUST-00979,Nancy Johnson
980,CUST-00980,Margaret Sanchez
981,CUST-00981,Ashley Ramirez
982,CUST-00982,Lisa Taylor
983,CUST-00983,Linda Anderson
984,CUST-00984,Daniel Smith
985,CUST-00985,Maria Thomas
986,CUST-00986,Sandra Gonzalez
987,CUST-00987,Susan Perez
988,CUST-00988,Sarah Thomas
989,CUST-00989,Paul Robinson
990,CUST-00990,Joseph Williams
991,CUST-00991,George Williams
992,CUST-00992,Richard Martin
993,CUST-00993,Michael Williams
994,CUST-00994,Michael Rodriguez
995,CUST-00995,Nancy Lee
996,CUST-00996,Christopher Moore
997,CUST-00997,Paul Hernandez
998,CUST-00998,Charles Martin
999,CUST-00999,Thomas Martinez
1000,CUST-01000,Joseph Taylor
